swefdsfsdf,sdfdsfdsf
t,h(t)
0,9.42477796076938
0.02,5.036321762906628
0.04,2.7179902776343123
0.06,1.495887103446703
0.08,0.8475324121864317
0.1,0.49878303023049453
0.12000000000000001,0.3074652042263024
0.14,0.20004277918902807
0.16,0.13830450689963164
0.18,0.10220311851705237
0.19999999999999998,0.08111069867981449
0.21999999999999997,0.06938434043163057
0.23999999999999996,0.06413330522977885
0.25999999999999995,0.06413330522977885
0.27999999999999997,0.06938434043163057
0.3,0.08111069867981442
0.32,0.10220311851705245
0.34,0.13830450689963178
0.36000000000000004,0.20004277918902807
0.38000000000000006,0.3074652042263028
0.4000000000000001,0.4987830302304954
0.4200000000000001,0.8475324121864336
0.4400000000000001,1.4958871034467074
0.46000000000000013,2.717990277634324
0.48000000000000015,5.036321762906655
0.5000000000000001,9.424777960769415
0.5200000000000001,17.637165334436403
0.5400000000000001,32.68092617576151
0.5600000000000002,59.38044348743823
0.5800000000000002,104.80594999388113
0.6000000000000002,178.0863305809677
0.6200000000000002,288.8991612346028
0.6400000000000002,444.03722028811166
0.6600000000000003,642.2526756432195
0.6800000000000003,869.1167246035058
0.7000000000000003,1095.126056803529
0.7200000000000003,1280.2087482164873
0.7400000000000003,1385.0282515699764
0.7600000000000003,1385.0282515699753
0.7800000000000004,1280.2087482164827
0.8000000000000004,1095.1260568035223
0.8200000000000004,869.116724603498
0.8400000000000004,642.252675643212
0.8600000000000004,444.03722028810733
0.8800000000000004,288.89916123459903
0.9000000000000005,178.08633058096498
0.9200000000000005,104.80594999387945
0.9400000000000005,59.38044348743721
0.9600000000000005,32.680926175760945
0.9800000000000005,17.637165334436087
1.0000000000000004,9.424777960769266
1.0200000000000005,5.036321762906565
1.0400000000000005,2.7179902776342755
1.0600000000000005,1.4958871034466823
1.0800000000000005,0.8475324121864205
1.1000000000000005,0.4987830302304879
1.1200000000000006,0.30746520422629875
1.1400000000000006,0.20004277918902566
1.1600000000000006,0.1383045068996303
1.1800000000000006,0.10220311851705181
1.2000000000000006,0.08111069867981406
1.2200000000000006,0.06938434043163039
1.2400000000000007,0.0641333052297788
1.2600000000000007,0.0641333052297789
1.2800000000000007,0.06938434043163082
1.3000000000000007,0.08111069867981506
1.3200000000000007,0.10220311851705337
1.3400000000000007,0.138304506899633
1.3600000000000008,0.200042779189031
1.3800000000000008,0.3074652042263069
1.4000000000000008,0.49878303023050474
1.4200000000000008,0.8475324121864476
1.4400000000000008,1.4958871034467398
1.4600000000000009,2.717990277634373
1.4800000000000009,5.036321762906771
1.5000000000000009,9.424777960769614
1.520000000000001,17.63716533443689
1.540000000000001,32.680926175762245
1.560000000000001,59.38044348743974
1.580000000000001,104.80594999388322
1.600000000000001,178.08633058097033
1.620000000000001,288.8991612346078
1.640000000000001,444.03722028811757
1.660000000000001,642.252675643228
1.680000000000001,869.1167246035135
1.700000000000001,1095.126056803538
1.720000000000001,1280.208748216493
1.740000000000001,1385.0282515699787
1.7600000000000011,1385.0282515699726
1.7800000000000011,1280.2087482164757
1.8000000000000012,1095.1260568035154
1.8200000000000012,869.1167246034887
1.8400000000000012,642.2526756432046
1.8600000000000012,444.0372202881014
1.8800000000000012,288.8991612345937
1.9000000000000012,178.08633058096208
1.9200000000000013,104.80594999387712
1.9400000000000013,59.38044348743607
1.9600000000000013,32.680926175760135
1.9800000000000013,17.63716533443572
2.0000000000000013,9.424777960768983
2.0200000000000014,5.036321762906437
2.0400000000000014,2.7179902776341973
2.0600000000000014,1.4958871034466465
2.0800000000000014,0.8475324121863979
2.1000000000000014,0.4987830302304777
2.1200000000000014,0.30746520422629386
2.1400000000000015,0.20004277918902247
2.1600000000000015,0.1383045068996287
2.1800000000000015,0.10220311851705045
2.2000000000000015,0.08111069867981341
2.2200000000000015,0.06938434043162996
2.2400000000000015,0.06413330522977867
2.2600000000000016,0.06413330522977902
2.2800000000000016,0.06938434043163119
2.3000000000000016,0.08111069867981571
2.3200000000000016,0.10220311851705445
2.3400000000000016,0.13830450689963558
2.3600000000000017,0.2000427791890343
2.3800000000000017,0.30746520422631457
2.4000000000000017,0.4987830302305149
2.4200000000000017,0.8475324121864668
2.4400000000000017,1.4958871034467751
2.4600000000000017,2.71799027763444
2.4800000000000018,5.036321762906897
2.5000000000000018,9.424777960769852
2.520000000000002,17.637165334437334
2.540000000000002,32.68092617576305
2.560000000000002,59.380443487441156
2.580000000000002,104.8059499938856
2.600000000000002,178.08633058097405
2.620000000000002,288.89916123461495
2.640000000000002,444.0372202881274
2.660000000000002,642.2526756432367
2.680000000000002,869.1167246035227
2.700000000000002,1095.1260568035436
2.720000000000002,1280.2087482164998
2.740000000000002,1385.0282515699814
2.760000000000002,1385.0282515699716
2.780000000000002,1280.2087482164725
2.800000000000002,1095.1260568035038
2.820000000000002,869.1167246034788
2.840000000000002,642.2526756431965
2.860000000000002,444.0372202880939
2.880000000000002,288.8991612345865
2.900000000000002,178.08633058095708
2.920000000000002,104.80594999387475
2.940000000000002,59.38044348743467
2.960000000000002,32.680926175759616
2.980000000000002,17.63716533443512
3.000000000000002,9.424777960768743
3.0200000000000022,5.03632176290631
3.0400000000000023,2.717990277634154
3.0600000000000023,1.495887103446599
3.0800000000000023,0.847532412186379
3.1000000000000023,0.4987830302304675
3.1200000000000023,0.3074652042262882
3.1400000000000023,0.2000427791890181
3.1600000000000024,0.13830450689962612
3.1800000000000024,0.10220311851704936
3.2000000000000024,0.08111069867981276
3.2200000000000024,0.06938434043162978
3.2400000000000024,0.06413330522977856
3.2600000000000025,0.06413330522977913
3.2800000000000025,0.0693843404316315
3.3000000000000025,0.08111069867981614
3.3200000000000025,0.102203118517056
3.3400000000000025,0.1383045068996374
3.3600000000000025,0.2000427791890375
3.3800000000000026,0.30746520422631823
3.4000000000000026,0.49878303023052867
3.4200000000000026,0.8475324121864919
3.4400000000000026,1.4958871034468104
3.4600000000000026,2.717990277634507
3.4800000000000026,5.036321762906979
3.5000000000000027,9.424777960770177
3.5200000000000027,17.63716533443778
3.5400000000000027,32.68092617576386
3.5600000000000027,59.380443487442065
3.5800000000000027,104.80594999388872
3.6000000000000028,178.08633058097894
3.6200000000000028,288.89916123461853
3.640000000000003,444.0372202881322
3.660000000000003,642.2526756432485
3.680000000000003,869.1167246035351
3.700000000000003,1095.1260568035555
3.720000000000003,1280.2087482165043
3.740000000000003,1385.0282515699826
3.760000000000003,1385.0282515699678
3.780000000000003,1280.2087482164645
3.800000000000003,1095.126056803499
3.820000000000003,869.1167246034732
3.840000000000003,642.2526756431846
3.860000000000003,444.0372202880843
3.880000000000003,288.8991612345829
3.900000000000003,178.08633058095464
3.920000000000003,104.80594999387164
3.940000000000003,59.38044348743277
3.960000000000003,32.68092617575853
3.980000000000003,17.637165334434833
4.000000000000003,9.424777960768589
4.020000000000002,5.036321762906315
4.040000000000002,2.717990277634157
4.060000000000001,1.49588710344665
4.080000000000001,0.8475324121864197
4.1000000000000005,0.4987830302304897
4.12,0.30746520422630447
4.14,0.20004277918902957
4.159999999999999,0.1383045068996341
4.179999999999999,0.10220311851705409
4.199999999999998,0.08111069867981593
4.219999999999998,0.06938434043163137
4.2399999999999975,0.06413330522977918
4.259999999999997,0.0641333052297785
4.279999999999997,0.06938434043162915
4.299999999999996,0.08111069867981117
4.319999999999996,0.10220311851704665
4.339999999999995,0.13830450689962023
4.359999999999995,0.2000427791890079
4.379999999999995,0.3074652042262623
4.399999999999994,0.49878303023042075
4.419999999999994,0.8475324121862801
4.439999999999993,1.4958871034464136
4.459999999999993,2.7179902776337084
4.479999999999992,5.036321762905376
4.499999999999992,9.424777960766983
4.519999999999992,17.637165334431543
4.539999999999991,32.680926175752575
4.559999999999991,59.380443487421395
4.57999999999999,104.80594999385274
4.59999999999999,178.08633058091993
4.6199999999999894,288.89916123453224
4.639999999999989,444.0372202880111
4.659999999999989,642.2526756430888
4.679999999999988,869.1167246033646
4.699999999999988,1095.1260568033929
4.719999999999987,1280.2087482163895
4.739999999999987,1385.0282515699394
4.7599999999999865,1385.0282515700133
4.779999999999986,1280.2087482165916
4.799999999999986,1095.126056803679
4.819999999999985,869.1167246036771
4.839999999999985,642.2526756433866
4.859999999999984,444.0372202882507
4.879999999999984,288.89916123471045
4.8999999999999835,178.0863305810418
4.919999999999983,104.80594999393047
4.939999999999983,59.38044348746815
4.959999999999982,32.680926175779376
4.979999999999982,17.637165334446355
4.999999999999981,9.424777960774962
5.019999999999981,5.036321762909695
5.0399999999999805,2.7179902776359373
5.05999999999998,1.4958871034475902
5.07999999999998,0.8475324121869087
5.099999999999979,0.4987830302307623
5.119999999999979,0.3074652042264519
5.139999999999978,0.20004277918911353
5.159999999999978,0.13830450689968424
5.1799999999999775,0.1022031185170835
5.199999999999977,0.08111069867983242
5.219999999999977,0.06938434043164043
5.239999999999976,0.06413330522978192
5.259999999999976,0.06413330522977582
5.279999999999975,0.06938434043162059
5.299999999999975,0.08111069867979424
5.3199999999999745,0.10220311851701723
5.339999999999974,0.13830450689957147
5.359999999999974,0.20004277918892394
5.379999999999973,0.30746520422611073
5.399999999999973,0.49878303023014814
5.419999999999972,0.8475324121857911
5.439999999999972,1.4958871034454477
5.4599999999999715,2.717990277631928
5.479999999999971,5.0363217629020856
5.499999999999971,9.424777960760776
5.51999999999997,17.63716533441971
5.53999999999997,32.680926175731166
5.559999999999969,59.38044348738504
5.579999999999969,104.80594999378899
5.599999999999969,178.08633058082242
5.619999999999968,288.8991612343898
5.639999999999968,444.0372202878246
5.659999999999967,642.2526756428566
5.679999999999967,869.1167246031135
5.699999999999966,1095.1260568031691
5.719999999999966,1280.2087482162315
5.739999999999966,1385.0282515698805
5.759999999999965,1385.0282515700724
5.779999999999965,1280.2087482167499
5.799999999999964,1095.1260568039143
5.819999999999964,869.116724603928
5.839999999999963,642.2526756436131
5.859999999999963,444.037220288437
5.879999999999963,288.89916123485284
5.899999999999962,178.08633058113932
5.919999999999962,104.80594999399098
5.939999999999961,59.38044348750646
5.959999999999961,32.68092617580078
5.9799999999999605,17.63716533445819
5.99999999999996,9.424777960781167
6.01999999999996,5.036321762913073
6.039999999999959,2.7179902776377176
6.059999999999959,1.4958871034485062
6.079999999999958,0.8475324121873979
6.099999999999958,0.49878303023103543
6.1199999999999575,0.3074652042266036
6.139999999999957,0.20004277918919977
6.159999999999957,0.13830450689973434
6.179999999999956,0.10220311851711292
6.199999999999956,0.08111069867984937
6.219999999999955,0.06938434043164875
6.239999999999955,0.0641333052297846
6.2599999999999545,0.06413330522977304
6.279999999999954,0.06938434043161178
6.299999999999954,0.08111069867977817
6.319999999999953,0.10220311851698782
6.339999999999953,0.13830450689952134
6.359999999999952,0.20004277918883767
6.379999999999952,0.30746520422595913
6.3999999999999515,0.498783030229875
6.419999999999951,0.8475324121852887
6.439999999999951,1.495887103444557
6.45999999999995,2.717990277630148
6.47999999999995,5.036321762898707
6.499999999999949,9.424777960754405
6.519999999999949,17.637165334407875
6.5399999999999485,32.680926175709764
6.559999999999948,59.38044348734771
6.579999999999948,104.80594999373015
6.599999999999947,178.08633058072505
6.619999999999947,288.89916123424723
6.639999999999946,444.03722028763326
6.659999999999946,642.252675642636
6.6799999999999455,869.1167246028635
6.699999999999945,1095.1260568029415
6.719999999999945,1280.208748216069
6.739999999999944,1385.0282515698216
6.759999999999944,1385.0282515701301
6.779999999999943,1280.2087482169125
6.799999999999943,1095.1260568041312
6.8199999999999426,869.1167246041774
6.839999999999942,642.2526756438458
6.859999999999942,444.0372202886283
6.879999999999941,288.89916123499523
6.899999999999941,178.08633058123675
6.91999999999994,104.80594999405307
6.93999999999994,59.380443487541825
6.95999999999994,32.68092617582218
6.979999999999939,17.63716533447002
6.999999999999939,9.424777960787543
7.019999999999938,5.036321762916274
7.039999999999938,2.717990277639498
7.059999999999937,1.495887103449447
7.079999999999937,0.8475324121879001
7.099999999999937,0.49878303023130816
7.119999999999936,0.3074652042267552
7.139999999999936,0.20004277918928595
7.159999999999935,0.13830450689978188
7.179999999999935,0.10220311851714232
7.1999999999999345,0.08111069867986637
7.219999999999934,0.0693843404316575
7.239999999999934,0.06413330522978739
7.259999999999933,0.06413330522977036
7.279999999999933,0.06938434043160302
7.299999999999932,0.08111069867976126
7.319999999999932,0.10220311851695833
7.3399999999999315,0.13830450689947124
7.359999999999931,0.20004277918875152
7.379999999999931,0.3074652042258155
7.39999999999993,0.4987830302296023
7.41999999999993,0.8475324121847866
7.439999999999929,1.4958871034436163
7.459999999999929,2.7179902776283678
7.4799999999999285,5.036321762895328
7.499999999999928,9.424777960748031
7.519999999999928,17.637165334396663
7.539999999999927,32.680926175688356
7.559999999999927,59.38044348731037
7.579999999999926,104.80594999366801
7.599999999999926,178.08633058062762
7.6199999999999255,288.89916123410484
7.639999999999925,444.0372202874416
7.659999999999925,642.2526756424031
7.679999999999924,869.1167246026134
7.699999999999924,1095.1260568027121
7.719999999999923,1280.2087482159072
7.739999999999923,1385.028251569766
7.7599999999999225,1385.0282515701892
7.779999999999922,1280.208748217075
7.799999999999922,1095.12605680436
7.819999999999921,869.1167246044282
7.839999999999921,642.2526756440785
7.85999999999992,444.0372202888198
7.87999999999992,288.8991612351302
7.8999999999999195,178.08633058133412
7.919999999999919,104.80594999411514
7.939999999999919,59.38044348757916
7.959999999999918,32.680926175842465
7.979999999999918,17.637165334481853
7.999999999999917,9.424777960793914
8.019999999999918,5.036321762919655
8.039999999999917,2.717990277641184
8.059999999999917,1.4958871034503383
8.079999999999917,0.8475324121883757
8.099999999999916,0.49878303023156656
8.119999999999916,0.3074652042268987
8.139999999999915,0.2000427791893677
8.159999999999915,0.13830450689982943
8.179999999999914,0.10220311851717018
8.199999999999914,0.08111069867988235
8.219999999999914,0.06938434043166582
8.239999999999913,0.06413330522978995
8.259999999999913,0.06413330522976773
8.279999999999912,0.06938434043159471
8.299999999999912,0.08111069867974519
8.319999999999911,0.10220311851693045
8.339999999999911,0.1383045068994237
8.35999999999991,0.2000427791886698
8.37999999999991,0.3074652042256639
8.39999999999991,0.4987830302293436
8.41999999999991,0.8475324121843109
8.439999999999909,1.495887103442725
8.459999999999908,2.717990277626681
8.479999999999908,5.036321762892126
8.499999999999908,9.424777960741991
8.519999999999907,17.637165334385454
8.539999999999907,32.68092617566808
8.559999999999906,59.380443487274995
8.579999999999906,104.80594999360918
8.599999999999905,178.08633058053528
8.619999999999905,288.8991612339699
8.639999999999905,444.0372202872606
8.659999999999904,642.2526756421829
8.679999999999904,869.1167246023764
8.699999999999903,1095.1260568024952
8.719999999999903,1280.2087482157528
8.739999999999903,1385.028251569707
8.759999999999902,1385.0282515702459
8.779999999999902,1280.2087482172274
8.799999999999901,1095.1260568045766
8.8199999999999,869.1167246046651
8.8399999999999,642.2526756442993
8.8599999999999,444.037220289001
8.8799999999999,288.8991612352652
8.899999999999899,178.08633058142647
8.919999999999899,104.80594999417403
8.939999999999898,59.380443487614535
8.959999999999898,32.68092617586387
8.979999999999897,17.637165334493062
8.999999999999897,9.424777960799954
9.019999999999897,5.036321762922855
9.039999999999896,2.7179902776429645
9.059999999999896,1.4958871034512786
9.079999999999895,0.8475324121888783
9.099999999999895,0.49878303023182535
9.119999999999894,0.30746520422705026
9.139999999999894,0.20004277918945396
9.159999999999894,0.13830450689987941
9.179999999999893,0.1022031185171996
9.199999999999893,0.08111069867989935
9.219999999999892,0.06938434043167463
9.239999999999892,0.06413330522979252
9.259999999999891,0.06413330522976506
9.279999999999891,0.0693843404315859
9.29999999999989,0.08111069867972827
9.31999999999989,0.10220311851690105
9.33999999999989,0.13830450689937368
9.35999999999989,0.20004277918858354
9.379999999999889,0.3074652042255205
9.399999999999888,0.49878303022907067
9.419999999999888,0.8475324121838084
9.439999999999888,1.4958871034417849
9.459999999999887,2.7179902776249945
9.479999999999887,5.036321762888748
9.499999999999886,9.424777960735618
9.519999999999886,17.637165334373623
9.539999999999885,32.68092617564667
9.559999999999885,59.38044348723767
9.579999999999885,104.8059499935471
9.599999999999884,178.08633058044305
9.619999999999884,288.89916123382744
9.639999999999883,444.0372202870689
9.659999999999883,642.2526756419496
9.679999999999882,869.1167246021263
9.699999999999882,1095.1260568022665
9.719999999999882,1280.2087482155903
9.739999999999881,1385.0282515696517
9.75999999999988,1385.0282515703047
9.77999999999988,1280.208748217391
9.79999999999988,1095.1260568048053
9.81999999999988,869.1167246049021
9.839999999999879,642.252675644532
9.859999999999879,444.0372202891925
9.879999999999878,288.8991612354076
9.899999999999878,178.08633058152384
9.919999999999877,104.80594999423612
9.939999999999877,59.38044348765187
9.959999999999877,32.68092617588415
9.979999999999876,17.637165334504896
9.999999999999876,9.424777960806326
10.019999999999875,5.036321762926235
10.039999999999875,2.717990277644745
10.059999999999874,1.4958871034522194
10.079999999999874,0.8475324121893802
10.099999999999874,0.498783030232098
10.119999999999873,0.3074652042272018
10.139999999999873,0.2000427791895401
10.159999999999872,0.13830450689992954
10.179999999999872,0.10220311851722755
10.199999999999871,0.08111069867991536
10.219999999999871,0.06938434043168344
10.23999999999987,0.06413330522979536
10.25999999999987,0.06413330522976245
10.27999999999987,0.06938434043157708
10.29999999999987,0.0811106986797104
10.319999999999869,0.10220311851687318
10.339999999999868,0.13830450689932358
10.359999999999868,0.20004277918850188
10.379999999999868,0.3074652042253689
10.399999999999867,0.4987830302287978
10.419999999999867,0.8475324121833326
10.439999999999866,1.4958871034408439
10.459999999999866,2.7179902776231204
10.479999999999865,5.036321762885546
10.499999999999865,9.424777960729244
10.519999999999865,17.637165334361164
10.539999999999864,32.68092617562639
10.559999999999864,59.380443487200324
10.579999999999863,104.80594999348821
10.599999999999863,178.08633058034553
10.619999999999862,288.89916123368505
10.639999999999862,444.03722028688753
10.659999999999862,642.2526756417169
10.679999999999861,869.1167246018755
10.69999999999986,1095.1260568020498
10.71999999999986,1280.2087482154286
10.73999999999986,1385.028251569589
10.75999999999986,1385.0282515703602
10.779999999999859,1280.2087482175525
10.799999999999859,1095.1260568050466
10.819999999999858,869.1167246051523
10.839999999999858,642.2526756447648
10.859999999999857,444.03722028937386
10.879999999999857,288.89916123554997
10.899999999999856,178.08633058162135
10.919999999999856,104.80594999429495
10.939999999999856,59.380443487689206
10.959999999999855,32.68092617590668
10.979999999999855,17.63716533451611
10.999999999999854,9.424777960812701
11.019999999999854,5.0363217629297905
11.039999999999853,2.717990277646432
11.059999999999853,1.4958871034531598
11.079999999999853,0.8475324121898564
11.099999999999852,0.4987830302323711
11.119999999999852,0.3074652042273534
11.139999999999851,0.20004277918962185
11.159999999999851,0.13830450689997967
11.17999999999985,0.10220311851725843
11.19999999999985,0.08111069867993236
11.21999999999985,0.0693843404316922
11.23999999999985,0.0641333052297981
11.259999999999849,0.06413330522975975
11.279999999999848,0.06938434043156833
11.299999999999848,0.08111069867969525
11.319999999999848,0.10220311851684377
11.339999999999847,0.13830450689927334
11.359999999999847,0.20004277918841562
11.379999999999846,0.30746520422521734
11.399999999999846,0.49878303022852494
11.419999999999845,0.8475324121828306
11.439999999999845,1.4958871034399035
11.459999999999845,2.71799027762134
11.479999999999844,5.036321762882168
11.499999999999844,9.424777960722873
11.519999999999843,17.637165334349334
11.539999999999843,32.68092617560498
11.559999999999842,59.380443487163
11.579999999999842,104.80594999342613
11.599999999999842,178.08633058024807
11.619999999999841,288.89916123354266
11.63999999999984,444.0372202866962
11.65999999999984,642.2526756414848
11.67999999999984,869.1167246016253
11.69999999999984,1095.126056801821
11.719999999999839,1280.2087482152672
11.739999999999839,1385.0282515695312
11.759999999999838,1385.0282515704191
11.779999999999838,1280.208748217715
11.799999999999837,1095.1260568052508
11.819999999999837,869.1167246054024
11.839999999999836,642.2526756449969
11.859999999999836,444.0372202895652
11.879999999999836,288.8991612356924
11.899999999999835,178.08633058171878
11.919999999999835,104.80594999435708
11.939999999999834,59.380443487726545
11.959999999999834,32.680926175928086
11.979999999999833,17.637165334527943
11.999999999999833,9.424777960819073
12.019999999999833,5.036321762932814
12.039999999999832,2.7179902776482123
12.059999999999832,1.4958871034541001
12.079999999999831,0.8475324121903585
12.099999999999831,0.4987830302326438
12.11999999999983,0.30746520422750495
12.13999999999983,0.20004277918970803
12.15999999999983,0.1383045069000299
12.17999999999983,0.10220311851728793
12.199999999999829,0.08111069867994927
12.219999999999828,0.06938434043170101
12.239999999999828,0.06413330522980056
12.259999999999827,0.06413330522975703
12.279999999999827,0.06938434043155951
12.299999999999827,0.08111069867967827
12.319999999999826,0.10220311851681425
12.339999999999826,0.13830450689922322
12.359999999999825,0.20004277918832944
12.379999999999825,0.30746520422506574
12.399999999999824,0.4987830302282522
12.419999999999824,0.847532412182328
12.439999999999824,1.4958871034389631
12.459999999999823,2.7179902776195597
12.479999999999823,5.036321762878789
12.499999999999822,9.424777960716499
12.519999999999822,17.637165334338743
12.539999999999822,32.680926175583586
12.559999999999821,59.38044348712565
12.57999999999982,104.80594999336404
12.59999999999982,178.08633058015076
12.61999999999982,288.89916123340026
12.63999999999982,444.03722028650475
12.659999999999819,642.252675641252
12.679999999999819,869.1167246013753
12.699999999999818,1095.1260568015914
12.719999999999818,1280.2087482151035
12.739999999999817,1385.0282515694782
12.759999999999817,1385.028251570477
12.779999999999816,1280.2087482178767
12.799999999999816,1095.1260568054802
12.819999999999816,869.1167246056525
12.839999999999815,642.2526756452297
12.859999999999815,444.03722028975665
12.879999999999814,288.8991612358348
12.899999999999814,178.0863305818162
12.919999999999813,104.80594999441918
12.939999999999813,59.38044348776389
12.959999999999813,32.68092617594724
12.979999999999812,17.637165334539773
12.999999999999812,9.424777960825448
13.019999999999811,5.036321762936194
13.03999999999981,2.7179902776499927
13.05999999999981,1.4958871034550405
13.07999999999981,0.8475324121908606
13.09999999999981,0.4987830302329169
13.11999999999981,0.30746520422765655
13.139999999999809,0.20004277918979438
13.159999999999808,0.1383045069000799
13.179999999999808,0.10220311851731426
13.199999999999807,0.08111069867996627
13.219999999999807,0.06938434043170982
13.239999999999807,0.06413330522980329
13.259999999999806,0.06413330522975429
13.279999999999806,0.0693843404315507
13.299999999999805,0.08111069867966134
13.319999999999805,0.10220311851678494
13.339999999999804,0.1383045068991732
13.359999999999804,0.20004277918824312
13.379999999999804,0.30746520422491425
13.399999999999803,0.49878303022797915
13.419999999999803,0.847532412181826
13.439999999999802,1.4958871034380223
13.459999999999802,2.7179902776179667
13.479999999999801,5.03632176287541
13.499999999999801,9.424777960710125
13.5199999999998,17.63716533432691
13.5399999999998,32.68092617556218
13.5599999999998,59.38044348708833
13.5799999999998,104.8059499933019
13.599999999999799,178.08633058005321
13.619999999999798,288.8991612332578
13.639999999999798,444.03722028631347
13.659999999999798,642.2526756410193
13.679999999999797,869.1167246011514
13.699999999999797,1095.1260568013631
13.719999999999796,1280.208748214942
13.739999999999796,1385.0282515694191
13.759999999999796,1385.0282515705362
13.779999999999795,1280.2087482180393
13.799999999999795,1095.1260568057078
13.819999999999794,869.1167246059034
13.839999999999794,642.252675645463
13.859999999999793,444.0372202899479
13.879999999999793,288.8991612359772
13.899999999999793,178.08633058190338
13.919999999999792,104.80594999448131
13.939999999999792,59.380443487801216
13.959999999999791,32.68092617596865
13.97999999999979,17.637165334551607
13.99999999999979,9.42477796083182
14.01999999999979,5.036321762939573
14.03999999999979,2.717990277651773
14.059999999999789,1.4958871034559815
14.079999999999789,0.8475324121913631
14.099999999999788,0.49878303023318954
14.119999999999788,0.30746520422780804
14.139999999999787,0.20004277918988053
14.159999999999787,0.13830450690013002
14.179999999999787,0.10220311851734366
14.199999999999786,0.08111069867998313
14.219999999999786,0.06938434043171857
14.239999999999785,0.06413330522980601
14.259999999999785,0.06413330522975157
14.279999999999784,0.06938434043154189
14.299999999999784,0.08111069867964432
14.319999999999784,0.10220311851675545
14.339999999999783,0.1383045068991231
14.359999999999783,0.2000427791881569
14.379999999999782,0.30746520422476264
14.399999999999782,0.498783030227735
14.419999999999781,0.8475324121813239
14.439999999999781,1.4958871034370818
14.45999999999978,2.7179902776161864
14.47999999999978,5.036321762872031
14.49999999999978,9.424777960703752
14.51999999999978,17.63716533431508
14.539999999999779,32.68092617554077
14.559999999999778,59.38044348705099
14.579999999999778,104.80594999323982
14.599999999999778,178.08633057995587
14.619999999999777,288.8991612331304
14.639999999999777,444.037220286122
14.659999999999776,642.252675640786
14.679999999999776,869.1167246009012
14.699999999999775,1095.1260568011344
14.719999999999775,1280.2087482147792
14.739999999999775,1385.02825156936
14.759999999999774,1385.028251570595
14.779999999999774,1280.208748218202
14.799999999999773,1095.1260568059374
14.819999999999773,869.1167246061534
14.839999999999772,642.2526756456712
14.859999999999772,444.0372202901396
14.879999999999772,288.8991612361196
14.899999999999771,178.0863305820008
14.91999999999977,104.8059499945434
14.93999999999977,59.380443487838555
14.95999999999977,32.68092617599005
14.97999999999977,17.637165334563438
14.999999999999769,9.424777960838194
15.019999999999769,5.0363217629429515
15.039999999999768,2.7179902776535534
15.059999999999768,1.4958871034569219
15.079999999999767,0.8475324121918651
15.099999999999767,0.49878303023346243
15.119999999999767,0.3074652042279438
15.139999999999766,0.2000427791899668
15.159999999999766,0.13830450690018015
15.179999999999765,0.10220311851737317
15.199999999999765,0.08111069868000013
15.219999999999764,0.06938434043172738
15.239999999999764,0.06413330522980876
15.259999999999764,0.06413330522974883
15.279999999999763,0.06938434043153315
15.299999999999763,0.0811106986796274
15.319999999999762,0.10220311851672603
15.339999999999762,0.13830450689907828
15.359999999999761,0.20004277918807067
15.379999999999761,0.3074652042246111
15.39999999999976,0.4987830302274622
15.41999999999976,0.8475324121808214
15.43999999999976,1.4958871034361416
15.45999999999976,2.7179902776144065
15.479999999999759,5.036321762868652
15.499999999999758,9.424777960697378
15.519999999999758,17.637165334303244
15.539999999999758,32.68092617551936
15.559999999999757,59.38044348701757
15.579999999999757,104.80594999317772
15.599999999999756,178.08633057985836
15.619999999999756,288.89916123298804
15.639999999999755,444.0372202859307
15.659999999999755,642.2526756405538
15.679999999999755,869.1167246006504
15.699999999999754,1095.1260568009047
15.719999999999754,1280.2087482146178
15.739999999999753,1385.0282515693025
15.759999999999753,1385.028251570653
15.779999999999752,1280.2087482183633
15.799999999999752,1095.126056806166
15.819999999999752,869.1167246064035
15.839999999999751,642.2526756459039
15.85999999999975,444.0372202903309
15.87999999999975,288.89916123626205
15.89999999999975,178.08633058209824
15.91999999999975,104.80594999460548
15.939999999999749,59.38044348787588
15.959999999999749,32.68092617601146
15.979999999999748,17.637165334575272
15.999999999999748,9.424777960844567
16.019999999999747,5.03632176294633
16.039999999999747,2.7179902776553333
16.059999999999746,1.4958871034577634
16.079999999999746,0.8475324121923672
16.099999999999746,0.49878303023373555
16.119999999999745,0.30746520422809537
16.139999999999745,0.200042779190053
16.159999999999744,0.13830450690023025
16.179999999999744,0.10220311851740248
16.199999999999743,0.08111069868001708
16.219999999999743,0.06938434043173619
16.239999999999743,0.06413330522981142
16.259999999999742,0.0641333052297461
16.279999999999742,0.06938434043152526
16.29999999999974,0.08111069867961047
16.31999999999974,0.10220311851669663
16.33999999999974,0.13830450689902804
16.35999999999974,0.2000427791879844
16.37999999999974,0.3074652042244595
16.39999999999974,0.4987830302271893
16.41999999999974,0.8475324121803193
16.43999999999974,1.4958871034352004
16.459999999999738,2.717990277612626
16.479999999999738,5.036321762865274
16.499999999999737,9.424777960691674
16.519999999999737,17.637165334291414
16.539999999999736,32.68092617549795
16.559999999999736,59.38044348698024
16.579999999999735,104.80594999311559
16.599999999999735,178.08633057976098
16.619999999999735,288.89916123284564
16.639999999999734,444.03722028573924
16.659999999999734,642.2526756403211
16.679999999999733,869.1167246004003
16.699999999999733,1095.1260568006762
16.719999999999732,1280.2087482144552
16.739999999999732,1385.0282515692431
16.75999999999973,1385.0282515707133
16.77999999999973,1280.2087482185088
16.79999999999973,1095.1260568063956
16.81999999999973,869.1167246066537
16.83999999999973,642.2526756461367
16.85999999999973,444.0372202905224
16.87999999999973,288.89916123640444
16.89999999999973,178.08633058219567
16.919999999999728,104.80594999466763
16.939999999999728,59.380443487913226
16.959999999999727,32.68092617603287
16.979999999999727,17.637165334587102
16.999999999999726,9.424777960850271
17.019999999999726,5.036321762949709
17.039999999999726,2.7179902776571137
17.059999999999725,1.495887103458704
17.079999999999725,0.8475324121928697
17.099999999999724,0.4987830302340083
17.119999999999724,0.30746520422824697
17.139999999999723,0.20004277919013924
17.159999999999723,0.13830450690028037
17.179999999999723,0.10220311851743198
17.199999999999722,0.08111069868003407
17.21999999999972,0.06938434043174403
17.23999999999972,0.06413330522981417
17.25999999999972,0.06413330522974342
17.27999999999972,0.06938434043151645
17.29999999999972,0.08111069867959354
17.31999999999972,0.1022031185166672
17.33999999999972,0.1383045068989779
17.35999999999972,0.20004277918789823
17.37999999999972,0.307465204224308
17.399999999999718,0.49878303022691656
17.419999999999717,0.8475324121798169
17.439999999999717,1.4958871034343593
17.459999999999717,2.7179902776108458
17.479999999999716,5.036321762861894
17.499999999999716,9.4247779606853
17.519999999999715,17.63716533427958
17.539999999999715,32.68092617547654
17.559999999999715,59.38044348694291
17.579999999999714,104.8059499930535
17.599999999999714,178.08633057966355
17.619999999999713,288.8991612327032
17.639999999999713,444.03722028554796
17.659999999999712,642.2526756400883
17.679999999999712,869.1167246001501
17.69999999999971,1095.1260568004477
17.71999999999971,1280.2087482143097
17.73999999999971,1385.0282515691842
17.75999999999971,1385.028251570771
17.77999999999971,1280.2087482186714
17.79999999999971,1095.126056806624
17.81999999999971,869.1167246069037
17.83999999999971,642.2526756463689
17.859999999999708,444.0372202907136
17.879999999999708,288.8991612365469
17.899999999999707,178.0863305822931
17.919999999999707,104.8059499947297
17.939999999999706,59.38044348794664
17.959999999999706,32.68092617605427
17.979999999999706,17.63716533459894
17.999999999999705,9.424777960856643
18.019999999999705,5.036321762953088
18.039999999999704,2.717990277658894
18.059999999999704,1.4958871034596448
18.079999999999703,0.8475324121933718
18.099999999999703,0.4987830302342814
18.119999999999703,0.30746520422839846
18.139999999999702,0.20004277919022542
18.1599999999997,0.1383045069003252
18.1799999999997,0.1022031185174614
18.1999999999997,0.081110698680051
18.2199999999997,0.06938434043175284
18.2399999999997,0.06413330522981689
18.2599999999997,0.06413330522974069
18.2799999999997,0.0693843404315077
18.2999999999997,0.08111069867957661
18.3199999999997,0.1022031185166377
18.339999999999698,0.1383045068989278
18.359999999999697,0.200042779187812
18.379999999999697,0.3074652042241564
18.399999999999697,0.49878303022664344
18.419999999999696,0.8475324121793144
18.439999999999696,1.4958871034334185
18.459999999999695,2.717990277609066
18.479999999999695,5.036321762858515
18.499999999999694,9.424777960678927
18.519999999999694,17.637165334267745
18.539999999999694,32.68092617545514
18.559999999999693,59.38044348690556
18.579999999999693,104.80594999299137
18.599999999999692,178.0863305795662
18.619999999999692,288.8991612325608
18.63999999999969,444.0372202853565
18.65999999999969,642.2526756398801
18.67999999999969,869.1167245999001
18.69999999999969,1095.126056800219
18.71999999999969,1280.2087482141483
18.73999999999969,1385.0282515691265
18.75999999999969,1385.02825157083
18.77999999999969,1280.208748218833
18.799999999999688,1095.1260568068526
18.819999999999688,869.1167246071547
18.839999999999687,642.2526756466021
18.859999999999687,444.03722029090505
18.879999999999686,288.8991612366743
18.899999999999686,178.08633058239053
18.919999999999686,104.80594999479185
18.939999999999685,59.380443487983975
18.959999999999685,32.68092617607567
18.979999999999684,17.63716533461077
18.999999999999684,9.424777960863018
19.019999999999683,5.036321762956467
19.039999999999683,2.7179902776606744
19.059999999999683,1.4958871034605852
19.079999999999682,0.8475324121938742
19.09999999999968,0.49878303023452547
19.11999999999968,0.30746520422855006
19.13999999999968,0.20004277919031177
19.15999999999968,0.13830450690037532
19.17999999999968,0.10220311851749081
19.19999999999968,0.08111069868006793
19.21999999999968,0.06938434043176166
19.23999999999968,0.06413330522981964
19.25999999999968,0.06413330522973795
19.279999999999678,0.06938434043149888
19.299999999999677,0.0811106986795596
19.319999999999677,0.1022031185166083
19.339999999999677,0.1383045068988778
19.359999999999676,0.2000427791877258
19.379999999999676,0.3074652042240207
19.399999999999675,0.49878303022637055
19.419999999999675,0.8475324121788123
19.439999999999674,1.4958871034324779
19.459999999999674,2.7179902776072855
19.479999999999674,5.036321762855136
19.499999999999673,9.424777960672554
19.519999999999673,17.637165334255915
19.539999999999672,32.68092617543374
19.559999999999672,59.38044348686824
19.57999999999967,104.80594999292927
19.59999999999967,178.08633057947895
19.61999999999967,288.89916123241835
19.63999999999967,444.0372202851652
19.65999999999967,642.2526756396475
19.67999999999967,869.11672459965
19.69999999999967,1095.1260567999896
19.71999999999967,1280.2087482139857
19.739999999999668,1385.0282515690662
19.759999999999668,1385.0282515708893
19.779999999999667,1280.2087482189957
19.799999999999667,1095.1260568070813
19.819999999999666,869.1167246073785
19.839999999999666,642.2526756468349
19.859999999999665,444.0372202910964
19.879999999999665,288.89916123681667
19.899999999999665,178.0863305824879
19.919999999999664,104.80594999485393
19.939999999999664,59.3804434880213
19.959999999999663,32.68092617609708
19.979999999999663,17.6371653346226
19.999999999999662,9.42477796086939
20.019999999999662,5.036321762959846
20.03999999999966,2.7179902776624543
20.05999999999966,1.4958871034615262
20.07999999999966,0.8475324121943768
20.09999999999966,0.49878303023479814
20.11999999999966,0.3074652042287016
20.13999999999966,0.20004277919039792
20.15999999999966,0.13830450690042545
20.17999999999966,0.10220311851752022
20.19999999999966,0.08111069868008486
20.219999999999658,0.06938434043177047
20.239999999999657,0.0641333052298223
20.259999999999657,0.06413330522973522
20.279999999999657,0.06938434043149007
20.299999999999656,0.08111069867954268
20.319999999999656,0.10220311851658197
20.339999999999655,0.13830450689882767
20.359999999999655,0.20004277918763957
20.379999999999654,0.30746520422385326
20.399999999999654,0.49878303022609766
20.419999999999654,0.8475324121783628
20.439999999999653,1.4958871034314385
20.459999999999653,2.7179902776055047
20.479999999999652,5.036321762852113
20.499999999999652,9.42477796066551
20.51999999999965,17.63716533424408
20.53999999999965,32.680926175414584
20.55999999999965,59.38044348682698
20.57999999999965,104.80594999286718
20.59999999999965,178.08633057938147
20.61999999999965,288.89916123226095
20.63999999999965,444.03722028497356
20.65999999999965,642.2526756394146
20.679999999999648,869.1167245994261
20.699999999999648,1095.126056799761
20.719999999999647,1280.2087482138231
20.739999999999647,1385.0282515690144
20.759999999999646,1385.0282515709482
20.779999999999646,1280.2087482191582
20.799999999999645,1095.1260568072864
20.819999999999645,869.1167246076549
20.839999999999645,642.252675647067
20.859999999999644,444.0372202912677
20.879999999999644,288.89916123697407
20.899999999999643,178.0863305825854
20.919999999999643,104.80594999490951
20.939999999999642,59.38044348806257
20.959999999999642,32.68092617611849
20.97999999999964,17.637165334633192
20.99999999999964,9.424777960876435
21.01999999999964,5.036321762963225
21.03999999999964,2.717990277664047
21.05999999999964,1.4958871034625651
21.07999999999964,0.8475324121948788
21.09999999999964,0.49878303023507126
21.11999999999964,0.3074652042288374
21.139999999999638,0.2000427791904842
21.159999999999638,0.13830450690047555
21.179999999999637,0.10220311851754654
21.199999999999637,0.08111069868010179
21.219999999999636,0.06938434043177921
21.239999999999636,0.06413330522982481
21.259999999999636,0.06413330522973254
21.279999999999635,0.06938434043148131
21.299999999999635,0.08111069867952755
21.319999999999634,0.10220311851654948
21.339999999999634,0.13830450689877744
21.359999999999634,0.20004277918756236
21.379999999999633,0.3074652042237017
21.399999999999633,0.4987830302258248
21.419999999999632,0.8475324121778609
21.439999999999632,1.4958871034304984
21.45999999999963,2.7179902776037244
21.47999999999963,5.036321762848734
21.49999999999963,9.424777960659139
21.51999999999963,17.637165334232247
21.53999999999963,32.680926175393175
21.55999999999963,59.380443486789645
21.57999999999963,104.80594999280505
21.59999999999963,178.086330579284
21.619999999999628,288.89916123214846
21.639999999999628,444.0372202847823
21.659999999999627,642.2526756391819
21.679999999999627,869.1167245991752
21.699999999999626,1095.1260567995314
21.719999999999626,1280.2087482136615
21.739999999999625,1385.0282515689555
21.759999999999625,1385.028251571006
21.779999999999625,1280.2087482193197
21.799999999999624,1095.1260568075152
21.819999999999624,869.116724607905
21.839999999999623,642.2526756472998
21.859999999999623,444.0372202914592
21.879999999999622,288.89916123711646
21.899999999999622,178.08633058268276
21.91999999999962,104.80594999497164
21.93999999999962,59.3804434880999
21.95999999999962,32.6809261761399
21.97999999999962,17.637165334645026
21.99999999999962,9.424777960882807
22.01999999999962,5.036321762966604
22.03999999999962,2.7179902776658276
22.05999999999962,1.4958871034633079
22.079999999999618,0.8475324121953809
22.099999999999618,0.4987830302353439
22.119999999999617,0.3074652042289889
22.139999999999617,0.20004277919057034
22.159999999999616,0.13830450690052568
22.179999999999616,0.10220311851757605
22.199999999999616,0.08111069868011879
22.219999999999615,0.06938434043178802
22.239999999999615,0.06413330522982749
22.259999999999614,0.06413330522972974
22.279999999999614,0.0693843404314725
22.299999999999613,0.08111069867951055
22.319999999999613,0.10220311851652007
22.339999999999613,0.1383045068987273
22.359999999999612,0.20004277918747618
22.37999999999961,0.30746520422355017
22.39999999999961,0.4987830302255521
22.41999999999961,0.8475324121773583
22.43999999999961,1.495887103429557
22.45999999999961,2.717990277601944
22.47999999999961,5.036321762845354
22.49999999999961,9.424777960652765
22.51999999999961,17.637165334220413
22.53999999999961,32.680926175371766
22.559999999999608,59.38044348676014
22.579999999999607,104.80594999274295
22.599999999999607,178.0863305791867
22.619999999999607,288.899161232006
22.639999999999606,444.03722028459083
22.659999999999606,642.2526756389491
22.679999999999605,869.1167245989258
22.699999999999605,1095.1260567993038
22.719999999999605,1280.208748213499
22.739999999999604,1385.0282515688964
22.759999999999604,1385.028251571065
22.779999999999603,1280.2087482194822
22.799999999999603,1095.1260568077448
22.819999999999602,869.1167246081551
22.839999999999602,642.2526756475326
22.8599999999996,444.0372202916505
22.8799999999996,288.8991612372589
22.8999999999996,178.08633058278028
22.9199999999996,104.80594999503373
22.9399999999996,59.38044348813724
22.9599999999996,32.68092617616131
22.9799999999996,17.63716533465686
22.9999999999996,9.424777960887843
23.019999999999598,5.036321762969983
23.039999999999598,2.717990277667608
23.059999999999597,1.4958871034642487
23.079999999999597,0.8475324121958834
23.099999999999596,0.49878303023561704
23.119999999999596,0.3074652042291405
23.139999999999596,0.2000427791906566
23.159999999999595,0.1383045069005758
23.179999999999595,0.10220311851760545
23.199999999999594,0.08111069868013572
23.219999999999594,0.06938434043179678
23.239999999999593,0.06413330522983023
23.259999999999593,0.06413330522972707
23.279999999999593,0.06938434043146376
23.299999999999592,0.08111069867949362
23.31999999999959,0.10220311851649065
23.33999999999959,0.13830450689867732
23.35999999999959,0.2000427791873899
23.37999999999959,0.3074652042233983
23.39999999999959,0.498783030225279
23.41999999999959,0.8475324121768563
23.43999999999959,1.495887103428617
23.45999999999959,2.7179902776001637
23.47999999999959,5.036321762841975
23.499999999999588,9.42477796064773
23.519999999999587,17.63716533420858
23.539999999999587,32.680926175350365
23.559999999999587,59.38044348672282
23.579999999999586,104.80594999268082
23.599999999999586,178.08633057908915
23.619999999999585,288.8991612318636
23.639999999999585,444.03722028439955
23.659999999999584,642.2526756387165
23.679999999999584,869.116724598675
23.699999999999584,1095.1260567990744
23.719999999999583,1280.2087482133363
23.739999999999583,1385.0282515688375
23.759999999999582,1385.0282515711242
23.779999999999582,1280.2087482196448
23.79999999999958,1095.126056807973
23.81999999999958,869.116724608406
23.83999999999958,642.2526756477658
23.85999999999958,444.0372202918421
23.87999999999958,288.8991612374014
23.89999999999958,178.0863305828777
23.91999999999958,104.80594999509582
23.93999999999958,59.38044348817456
23.959999999999578,32.68092617618271
23.979999999999578,17.63716533466869
23.999999999999577,9.424777960894215
24.019999999999577,5.036321762973362
24.039999999999576,2.7179902776693883
24.059999999999576,1.4958871034651893
24.079999999999576,0.8475324121963855
24.099999999999575,0.4987830302358897
24.119999999999575,0.307465204229292
24.139999999999574,0.20004277919074281
24.159999999999574,0.13830450690062593
24.179999999999573,0.10220311851763486
24.199999999999573,0.08111069868015272
24.219999999999573,0.0693843404318056
24.239999999999572,0.06413330522983296
24.25999999999957,0.06413330522972434
24.27999999999957,0.06938434043145494
24.29999999999957,0.08111069867947661
24.31999999999957,0.10220311851646115
24.33999999999957,0.1383045068986272
24.35999999999957,0.20004277918730373
24.37999999999957,0.3074652042232468
24.39999999999957,0.4987830302250063
24.41999999999957,0.8475324121763541
24.439999999999568,1.4958871034278745
24.459999999999567,2.7179902775983833
24.479999999999567,5.036321762838597
24.499999999999567,9.424777960641357
24.519999999999566,17.637165334196748
24.539999999999566,32.680926175328956
24.559999999999565,59.38044348668548
24.579999999999565,104.80594999261874
24.599999999999564,178.0863305789918
24.619999999999564,288.8991612317212
24.639999999999564,444.03722028420805
24.659999999999563,642.2526756384837
24.679999999999563,869.1167245984249
24.699999999999562,1095.1260567988456
24.719999999999562,1280.208748213175
24.73999999999956,1385.0282515687795
24.75999999999956,1385.028251571183
24.77999999999956,1280.2087482198074
24.79999999999956,1095.1260568082018
24.81999999999956,869.1167246086553
24.83999999999956,642.252675647998
24.85999999999956,444.0372202920334
24.87999999999956,288.89916123754386
24.899999999999558,178.08633058297505
24.919999999999558,104.80594999515796
24.939999999999557,59.38044348820406
24.959999999999557,32.68092617620412
24.979999999999556,17.637165334680528
24.999999999999556,9.424777960900588
25.019999999999555,5.0363217629767405
25.039999999999555,2.7179902776711686
25.059999999999555,1.4958871034661299
25.079999999999554,0.8475324121968876
25.099999999999554,0.4987830302361626
25.119999999999553,0.30746520422944357
25.139999999999553,0.20004277919082908
25.159999999999553,0.13830450690067603
25.179999999999552,0.10220311851766428
25.19999999999955,0.08111069868016965
25.21999999999955,0.0693843404318144
25.23999999999955,0.0641333052298357
25.25999999999955,0.0641333052297216
25.27999999999955,0.06938434043144613
25.29999999999955,0.08111069867945969
25.31999999999955,0.10220311851643173
25.33999999999955,0.1383045068985771
25.35999999999955,0.20004277918721738
25.379999999999548,0.3074652042231272
25.399999999999547,0.4987830302247332
25.419999999999547,0.8475324121758517
25.439999999999547,1.4958871034269337
25.459999999999546,2.717990277596603
25.479999999999546,5.036321762835218
25.499999999999545,9.424777960634984
25.519999999999545,17.637165334184914
25.539999999999544,32.68092617530755
25.559999999999544,59.38044348664813
25.579999999999544,104.80594999255665
25.599999999999543,178.08633057889432
25.619999999999543,288.89916123157883
25.639999999999542,444.03722028401677
25.659999999999542,642.2526756382509
25.67999999999954,869.1167245981748
25.69999999999954,1095.1260567986171
25.71999999999954,1280.2087482130125
25.73999999999954,1385.0282515687204
25.75999999999954,1385.0282515712424
25.77999999999954,1280.208748219969
25.79999999999954,1095.1260568084303
25.81999999999954,869.1167246089062
25.839999999999538,642.2526756482307
25.859999999999538,444.0372202922249
25.879999999999537,288.89916123765624
25.899999999999537,178.0863305830726
25.919999999999536,104.80594999522003
25.939999999999536,59.3804434882414
25.959999999999535,32.68092617622552
25.979999999999535,17.63716533469236
25.999999999999535,9.424777960906962
26.019999999999534,5.036321762980119
26.039999999999534,2.717990277672949
26.059999999999533,1.4958871034670704
26.079999999999533,0.8475324121973901
26.099999999999532,0.4987830302364353
26.119999999999532,0.3074652042295951
26.13999999999953,0.20004277919091523
26.15999999999953,0.13830450690072615
26.17999999999953,0.10220311851769377
26.19999999999953,0.08111069868018658
26.21999999999953,0.06938434043182315
26.23999999999953,0.06413330522983837
26.25999999999953,0.06413330522971886
26.27999999999953,0.06938434043143737
26.299999999999528,0.08111069867944276
26.319999999999528,0.1022031185164085
26.339999999999527,0.13830450689852683
26.359999999999527,0.20004277918713123
26.379999999999526,0.3074652042229756
26.399999999999526,0.4987830302244606
26.419999999999526,0.8475324121753492
26.439999999999525,1.495887103425993
26.459999999999525,2.7179902775948235
26.479999999999524,5.0363217628318395
26.499999999999524,9.42477796062861
26.519999999999524,17.637165334173083
26.539999999999523,32.68092617528614
26.559999999999523,59.38044348661081
26.579999999999522,104.8059499924945
26.599999999999522,178.08633057879695
26.61999999999952,288.8991612314364
26.63999999999952,444.0372202838251
26.65999999999952,642.2526756380183
26.67999999999952,869.1167245979246
26.69999999999952,1095.1260567983875
26.71999999999952,1280.20874821285
26.73999999999952,1385.0282515686615
26.75999999999952,1385.0282515713013
26.779999999999518,1280.2087482201316
26.799999999999518,1095.12605680866
26.819999999999517,869.1167246091037
26.839999999999517,642.2526756484634
26.859999999999516,444.0372202924162
26.879999999999516,288.89916123779864
26.899999999999515,178.0863305831699
26.919999999999515,104.80594999528213
26.939999999999515,59.38044348827872
26.959999999999514,32.68092617624693
26.979999999999514,17.637165334704193
26.999999999999513,9.424777960913335
27.019999999999513,5.036321762983498
27.039999999999512,2.7179902776747293
27.059999999999512,1.4958871034680106
27.07999999999951,0.8475324121978921
27.09999999999951,0.4987830302367084
27.11999999999951,0.3074652042297467
27.13999999999951,0.2000427791910015
27.15999999999951,0.13830450690077628
27.17999999999951,0.10220311851772311
27.19999999999951,0.08111069868020351
27.21999999999951,0.06938434043183196
27.239999999999508,0.0641333052298411
27.259999999999508,0.06413330522971675
27.279999999999507,0.06938434043142856
27.299999999999507,0.08111069867942583
27.319999999999506,0.10220311851637909
27.339999999999506,0.13830450689847684
27.359999999999506,0.20004277918704497
27.379999999999505,0.30746520422282403
27.399999999999505,0.49878303022418763
27.419999999999504,0.8475324121748471
27.439999999999504,1.4958871034250527
27.459999999999503,2.717990277593043
27.479999999999503,5.03632176282846
27.499999999999503,9.424777960622237
27.519999999999502,17.63716533416125
27.5399999999995,32.680926175264744
27.5599999999995,59.380443486573455
27.5799999999995,104.80594999243243
27.5999999999995,178.0863305786995
27.6199999999995,288.899161231294
27.6399999999995,444.03722028363387
27.6599999999995,642.2526756377855
27.6799999999995,869.1167245976739
27.6999999999995,1095.126056798159
27.719999999999498,1280.2087482126872
27.739999999999498,1385.0282515686024
27.759999999999497,1385.0282515713468
27.779999999999497,1280.2087482202942
27.799999999999496,1095.1260568088885
27.819999999999496,869.1167246093539
27.839999999999495,642.2526756486961
27.859999999999495,444.0372202926076
27.879999999999495,288.89916123794103
27.899999999999494,178.08633058326745
27.919999999999494,104.80594999534426
27.939999999999493,59.38044348831608
27.959999999999493,32.68092617626833
27.979999999999492,17.637165334716027
27.999999999999492,9.424777960919707
28.01999999999949,5.036321762986877
28.03999999999949,2.7179902776765092
28.05999999999949,1.4958871034689512
28.07999999999949,0.8475324121983943
28.09999999999949,0.4987830302369815
28.11999999999949,0.30746520422989826
28.13999999999949,0.20004277919108784
28.15999999999949,0.13830450690082638
28.179999999999488,0.1022031185177526
28.199999999999488,0.08111069868022044
28.219999999999487,0.06938434043184077
28.239999999999487,0.06413330522984384
28.259999999999486,0.06413330522971397
28.279999999999486,0.06938434043141975
28.299999999999486,0.0811106986794089
28.319999999999485,0.10220311851634967
28.339999999999485,0.13830450689842674
28.359999999999484,0.2000427791869588
28.379999999999484,0.3074652042226725
28.399999999999483,0.49878303022391457
28.419999999999483,0.847532412174345
28.439999999999483,1.4958871034241121
28.459999999999482,2.7179902775912628
28.47999999999948,5.036321762825082
28.49999999999948,9.424777960615863
28.51999999999948,17.63716533414942
28.53999999999948,32.680926175243336
28.55999999999948,59.38044348653613
28.57999999999948,104.80594999237033
28.59999999999948,178.08633057860217
28.61999999999948,288.8991612311516
28.63999999999948,444.0372202834423
28.659999999999478,642.2526756375527
28.679999999999477,869.1167245974237
28.699999999999477,1095.1260567979782
28.719999999999477,1280.2087482125257
28.739999999999476,1385.0282515685433
28.759999999999476,1385.028251571406
28.779999999999475,1280.2087482204554
28.799999999999475,1095.1260568091182
28.819999999999474,869.116724609604
28.839999999999474,642.252675648929
28.859999999999474,444.0372202927989
28.879999999999473,288.8991612380835
28.899999999999473,178.0863305833648
28.919999999999472,104.80594999540635
28.939999999999472,59.38044348835341
28.95999999999947,32.68092617628974
28.97999999999947,17.637165334727857
28.99999999999947,9.424777960926082
29.01999999999947,5.036321762990256
29.03999999999947,2.7179902776782896
29.05999999999947,1.495887103469892
29.07999999999947,0.8475324121988966
29.09999999999947,0.49878303023725423
29.119999999999468,0.3074652042300498
29.139999999999468,0.200042779191174
29.159999999999467,0.1383045069008765
29.179999999999467,0.10220311851778201
29.199999999999466,0.08111069868023384
29.219999999999466,0.06938434043184953
29.239999999999466,0.06413330522984657
29.259999999999465,0.0641333052297113
29.279999999999465,0.06938434043141099
29.299999999999464,0.0811106986793919
29.319999999999464,0.10220311851632026
29.339999999999463,0.13830450689837662
29.359999999999463,0.20004277918687252
29.379999999999463,0.3074652042225209
29.399999999999462,0.49878303022364184
29.41999999999946,0.8475324121738426
29.43999999999946,1.4958871034231713
29.45999999999946,2.7179902775894824
29.47999999999946,5.036321762821702
29.49999999999946,9.42477796060949
29.51999999999946,17.637165334137585
29.53999999999946,32.68092617522193
29.55999999999946,59.380443486498805
29.57999999999946,104.8059499923082
29.599999999999458,178.08633057850463
29.619999999999457,288.8991612310092
29.639999999999457,444.03722028329133
29.659999999999457,642.2526756373201
29.679999999999456,869.1167245971735
29.699999999999456,1095.1260567977495
29.719999999999455,1280.2087482123632
29.739999999999455,1385.0282515684844
29.759999999999454,1385.028251571465
29.779999999999454,1280.208748220618
29.799999999999454,1095.1260568093455
29.819999999999453,869.1167246098548
29.839999999999453,642.2526756491617
29.859999999999452,444.0372202929904
29.879999999999452,288.8991612382259
29.89999999999945,178.08633058346223
29.91999999999945,104.80594999546848
29.93999999999945,59.38044348839073
29.95999999999945,32.68092617631114
29.97999999999945,17.63716533473969
29.99999999999945,9.424777960932454
30.01999999999945,5.036321762993635
30.03999999999945,2.71799027768007
30.059999999999448,1.4958871034708325
30.079999999999448,0.8475324121993988
30.099999999999447,0.49878303023752707
30.119999999999447,0.30746520423020135
30.139999999999446,0.20004277919124205
30.159999999999446,0.13830450690092663
30.179999999999445,0.10220311851781143
30.199999999999445,0.08111069868025084
30.219999999999445,0.06938434043185834
30.239999999999444,0.06413330522984931
30.259999999999444,0.06413330522970856
30.279999999999443,0.06938434043140218
30.299999999999443,0.08111069867937497
30.319999999999443,0.10220311851629077
30.339999999999442,0.1383045068983265
30.35999999999944,0.20004277918678634
30.37999999999944,0.30746520422236934
30.39999999999944,0.49878303022336873
30.41999999999944,0.8475324121733404
30.43999999999944,1.4958871034222312
30.45999999999944,2.7179902775877025
30.47999999999944,5.036321762818323
30.49999999999944,9.424777960603118
30.51999999999944,17.63716533412575
30.539999999999438,32.68092617520052
30.559999999999437,59.380443486461466
30.579999999999437,104.80594999225916
30.599999999999437,178.08633057840728
30.619999999999436,288.89916123086675
30.639999999999436,444.0372202830999
30.659999999999435,642.2526756370873
30.679999999999435,869.1167245969235
30.699999999999434,1095.126056797521
30.719999999999434,1280.2087482122017
30.739999999999434,1385.0282515684264
30.759999999999433,1385.028251571524
30.779999999999433,1280.2087482207796
30.799999999999432,1095.1260568095752
30.819999999999432,869.1167246101043
30.83999999999943,642.2526756493944
30.85999999999943,444.0372202931817
30.87999999999943,288.8991612383683
30.89999999999943,178.0863305835596
30.91999999999943,104.80594999553058
30.93999999999943,59.38044348842808
30.95999999999943,32.68092617633254
30.97999999999943,17.637165334751526
30.999999999999428,9.42477796093883
31.019999999999428,5.036321762997014
31.039999999999427,2.71799027768185
31.059999999999427,1.4958871034717731
31.079999999999426,0.8475324121997955
31.099999999999426,0.49878303023779974
31.119999999999425,0.30746520423035295
31.139999999999425,0.20004277919132832
31.159999999999425,0.13830450690097676
31.179999999999424,0.10220311851784084
31.199999999999424,0.08111069868026778
31.219999999999423,0.06938434043186716
31.239999999999423,0.06413330522985204
31.259999999999422,0.06413330522970583
31.279999999999422,0.06938434043139337
31.29999999999942,0.08111069867935797
31.31999999999942,0.10220311851626135
31.33999999999942,0.13830450689827636
31.35999999999942,0.2000427791867
31.37999999999942,0.30746520422221774
31.39999999999942,0.4987830302230961
31.41999999999942,0.847532412172838
31.43999999999942,1.4958871034212904
31.459999999999418,2.717990277585922
31.479999999999418,5.036321762814945
31.499999999999417,9.424777960596744
31.519999999999417,17.637165334116407
31.539999999999417,32.68092617517912
31.559999999999416,59.38044348642412
31.579999999999416,104.80594999219706
31.599999999999415,178.08633057830974
31.619999999999415,288.89916123072436
31.639999999999414,444.03722028290855
31.659999999999414,642.2526756368545
31.679999999999414,869.1167245966726
31.699999999999413,1095.1260567972913
31.719999999999413,1280.208748212039
31.739999999999412,1385.0282515683673
31.759999999999412,1385.0282515715817
31.77999999999941,1280.2087482209422
31.79999999999941,1095.126056809804
31.81999999999941,869.116724610355
31.83999999999941,642.2526756496271
31.85999999999941,444.03722029337314
31.87999999999941,288.8991612385107
31.89999999999941,178.08633058365712
31.91999999999941,104.80594999559266
31.939999999999408,59.38044348846541
31.959999999999408,32.68092617635395
31.979999999999407,17.637165334763356
31.999999999999407,9.424777960945201
32.019999999999406,5.036321762999682
32.03999999999941,2.717990277683256
32.05999999999941,1.4958871034725159
32.079999999999416,0.8475324122000868
32.09999999999942,0.4987830302379007
32.11999999999942,0.30746520423037726
32.139999999999425,0.20004277919134208
32.15999999999943,0.1383045069009636
32.17999999999943,0.1022031185178332
32.199999999999434,0.08111069868025976
32.21999999999944,0.06938434043186112
32.23999999999944,0.06413330522984953
32.259999999999444,0.06413330522970827
32.27999999999945,0.0693843404314049
32.29999999999945,0.08111069867938024
32.31999999999945,0.1022031185163062
32.339999999999456,0.1383045068983631
32.35999999999946,0.20004277918684943
32.37999999999946,0.30746520422251206
32.399999999999466,0.4987830302236833
32.41999999999947,0.8475324121740248
32.43999999999947,1.4958871034235122
32.459999999999475,2.717990277590876
32.47999999999948,5.036321762824347
32.49999999999948,9.424777960615817
32.519999999999484,17.637165334151817
32.53999999999949,32.680926175252175
32.55999999999949,59.380443486551556
32.579999999999494,104.80594999242206
32.5999999999995,178.0863305786833
32.6199999999995,288.8991612313003
32.6399999999995,444.03722028368253
32.659999999999506,642.2526756378448
32.67999999999951,869.1167245977904
32.69999999999951,1095.1260567983127
32.719999999999516,1280.2087482128316
32.73999999999952,1385.028251568654
32.75999999999952,1385.0282515712827
32.779999999999525,1280.2087482200816
32.79999999999953,1095.1260568085422
32.81999999999953,869.1167246089749
32.839999999999534,642.2526756482462
32.85999999999954,444.0372202922371
32.87999999999954,288.89916123763555
32.899999999999544,178.08633058303792
32.91999999999955,104.80594999519796
32.93999999999955,59.3804434882203
32.95999999999955,32.68092617620892
32.979999999999556,17.6371653346807
32.99999999999956,9.42477796090068
33.01999999999956,5.03632176297537
33.039999999999566,2.717990277670446
33.05999999999957,1.4958871034655503
33.07999999999957,0.8475324121964728
33.099999999999575,0.49878303023587994
33.11999999999958,0.3074652042292866
33.13999999999958,0.20004277919070354
33.159999999999584,0.13830450690060306
33.17999999999959,0.10220311851761527
33.19999999999959,0.08111069868013782
33.219999999999594,0.06938434043179788
33.2399999999996,0.06413330522983
33.2599999999996,0.06413330522972786
33.2799999999996,0.06938434043146818
33.299999999999606,0.0811106986795022
33.31999999999961,0.10220311851651788
33.33999999999961,0.13830450689872376
33.359999999999616,0.200042779187488
33.37999999999962,0.30746520422360263
33.39999999999962,0.4987830302257043
33.419999999999625,0.8475324121776387
33.43999999999963,1.4958871034304777
33.45999999999963,2.717990277603686
33.479999999999634,5.036321762849371
33.49999999999964,9.424777960661677
33.51999999999964,17.637165334236965
33.539999999999644,32.6809261754062
33.55999999999965,59.380443486820205
33.57999999999965,104.80594999286896
33.59999999999965,178.0863305793844
33.619999999999656,288.899161232325
33.63999999999966,444.0372202850595
33.65999999999966,642.2526756395681
33.679999999999666,869.1167245995905
33.69999999999967,1095.126056800008
33.71999999999967,1280.2087482139982
33.739999999999675,1385.0282515690894
33.75999999999968,1385.0282515708598
33.77999999999968,1280.2087482188806
33.799999999999685,1095.1260568068944
33.81999999999969,869.1167246071747
33.83999999999969,642.2526756465713
33.859999999999694,444.03722029086015
33.8799999999997,288.8991612366107
33.8999999999997,178.08633058233684
33.9199999999997,104.80594999473804
33.939999999999706,59.38044348795164
33.95999999999971,32.680926176050406
33.97999999999971,17.63716533459555
33.999999999999716,9.424777960853481
34.01999999999972,5.036321762951055
34.03999999999972,2.7179902776572615
34.059999999999725,1.4958871034587826
34.07999999999973,0.8475324121927531
34.09999999999973,0.4987830302339163
34.119999999999735,0.3074652042281959
34.13999999999974,0.2000427791900829
34.15999999999974,0.1383045069002424
34.179999999999744,0.10220311851740348
34.19999999999975,0.08111069868001584
34.21999999999975,0.06938434043173275
34.23999999999975,0.06413330522981041
34.259999999999756,0.06413330522974803
34.27999999999976,0.06938434043153142
34.29999999999976,0.08111069867962777
34.319999999999766,0.10220311851672967
34.33999999999977,0.13830450689909485
34.35999999999977,0.20004277918810842
34.379999999999775,0.30746520422472523
34.39999999999978,0.49878303022766773
34.41999999999978,0.8475324121812527
34.439999999999785,1.4958871034372456
34.45999999999979,2.7179902776164964
34.47999999999979,5.036321762873683
34.499999999999794,9.424777960707539
34.5199999999998,17.637165334324596
34.5399999999998,32.68092617556024
34.5599999999998,59.38044348709672
34.57999999999981,104.80594999331586
34.59999999999981,178.08633058010582
34.61999999999981,288.89916123334984
34.639999999999816,444.0372202864771
34.65999999999982,642.2526756412424
34.67999999999982,869.1167246014439
34.699999999999825,1095.1260568016546
34.71999999999983,1280.2087482151658
34.73999999999983,1385.0282515695128
34.759999999999835,1385.0282515704366
34.77999999999984,1280.208748217713
34.79999999999984,1095.1260568052478
34.819999999999844,869.1167246053205
34.83999999999985,642.2526756448972
34.85999999999985,444.03722028944253
34.87999999999985,288.89916123558606
34.89999999999986,178.08633058161536
34.91999999999986,104.80594999429114
34.93999999999986,59.38044348767515
34.959999999999866,32.68092617589637
34.97999999999987,17.637165334507916
34.99999999999987,9.424777960807619
35.019999999999875,5.036321762926742
35.03999999999988,2.7179902776444513
35.05999999999988,1.4958871034520145
35.079999999999885,0.8475324121891391
35.09999999999989,0.4987830302319527
35.11999999999989,0.30746520422707335
35.139999999999894,0.2000427791894626
35.1599999999999,0.1383045068998713
35.1799999999999,0.1022031185171918
35.1999999999999,0.08111069867989035
35.21999999999991,0.06938434043166945
35.23999999999991,0.06413330522979023
35.25999999999991,0.06413330522976762
35.279999999999916,0.06938434043159655
35.29999999999992,0.08111069867974974
35.31999999999992,0.10220311851694135
35.339999999999925,0.1383045068994555
35.35999999999993,0.20004277918872895
35.37999999999993,0.3074652042258158
35.399999999999935,0.49878303022963133
35.41999999999994,0.8475324121849722
35.43999999999994,1.4958871034440129
35.459999999999944,2.7179902776296805
35.47999999999995,5.036321762897997
35.49999999999995,9.424777960754739
35.51999999999995,17.63716533440974
35.53999999999996,32.68092617571876
35.55999999999996,59.38044348736535
35.57999999999996,104.80594999376277
35.599999999999966,178.08633058080693
35.61999999999997,288.8991612343745
35.63999999999997,444.0372202878543
35.659999999999975,642.2526756429172
35.67999999999998,869.1167246032448
35.69999999999998,1095.1260568033015
35.719999999999985,1280.208748216368
35.73999999999999,1385.028251569936
35.75999999999999,1385.028251570001
35.779999999999994,1280.208748216545
35.8,1095.1260568035545
35.82,869.1167246035204
35.84,642.2526756431738
35.86000000000001,444.0372202880653
35.88000000000001,288.8991612345612
35.90000000000001,178.0863305809143
35.920000000000016,104.80594999384424
35.94000000000002,59.380443487406474
35.96000000000002,32.680926175742336
35.980000000000025,17.637165334422775
36.00000000000003,9.424777960761759
36.02000000000003,5.036321762901719
36.040000000000035,2.7179902776316416
36.06000000000004,1.4958871034450494
36.08000000000004,0.8475324121855254
36.100000000000044,0.4987830302299319
36.12000000000005,0.3074652042259828
36.14000000000005,0.2000427791888239
36.16000000000005,0.13830450689951065
36.18000000000006,0.10220311851698002
36.20000000000006,0.08111069867976839
36.22000000000006,0.06938434043160623
36.240000000000066,0.06413330522977063
36.26000000000007,0.06413330522978722
36.28000000000007,0.06938434043165985
36.300000000000075,0.08111069867987161
36.32000000000008,0.1022031185171594
36.34000000000008,0.13830450689981616
36.360000000000085,0.20004277918936758
36.38000000000009,0.3074652042269065
36.40000000000009,0.4987830302316523
36.420000000000094,0.8475324121885862
36.4400000000001,1.4958871034509789
36.4600000000001,2.717990277642491
36.4800000000001,5.036321762922311
36.50000000000011,9.4247779608006
36.52000000000011,17.637165334494888
36.54000000000011,32.68092617587279
36.560000000000116,59.38044348763403
36.58000000000012,104.80594999422276
36.60000000000012,178.086330581508
36.620000000000125,288.8991612354291
36.64000000000013,444.0372202892317
36.66000000000013,642.2526756446404
36.680000000000135,869.1167246050456
36.70000000000014,1095.126056804997
36.72000000000014,1280.2087482175343
36.740000000000144,1385.0282515703725
36.76000000000015,1385.0282515695778
36.78000000000015,1280.2087482153786
36.80000000000015,1095.1260568019065
36.82000000000016,869.1167246017202
36.84000000000016,642.252675641499
36.86000000000016,444.03722028668795
36.880000000000166,288.8991612335066
36.90000000000017,178.08633058021323
36.92000000000017,104.80594999338429
36.940000000000175,59.38044348713783
36.96000000000018,32.68092617558381
36.98000000000018,17.637165334337627
37.000000000000185,9.42477796071456
37.02000000000019,5.036321762877406
37.04000000000019,2.7179902776184575
37.060000000000194,1.4958871034382812
37.0800000000002,0.8475324121819114
37.1000000000002,0.4987830302279685
37.1200000000002,0.30746520422489204
37.14000000000021,0.20004277918820348
37.16000000000021,0.13830450689915014
37.18000000000021,0.10220311851676207
37.200000000000216,0.08111069867964642
37.22000000000022,0.0693843404315411
37.24000000000022,0.06413330522975098
37.260000000000225,0.06413330522980738
37.28000000000023,0.06938434043172308
37.30000000000023,0.08111069867999718
37.320000000000235,0.10220311851737107
37.34000000000024,0.13830450690018725
37.36000000000024,0.20004277918998806
37.380000000000244,0.30746520422799706
37.40000000000025,0.4987830302336159
37.42000000000025,0.8475324121922002
37.44000000000025,1.4958871034577463
37.46000000000026,2.7179902776553013
37.48000000000026,5.036321762947334
37.50000000000026,9.42477796084646
37.520000000000266,17.63716533458252
37.54000000000027,32.680926176026816
37.56000000000027,59.38044348791052
37.580000000000275,104.80594999466962
37.60000000000028,178.0863305822296
37.62000000000028,288.899161236454
37.640000000000285,444.0372202906493
37.66000000000029,642.2526756463152
37.68000000000029,869.1167246068459
37.700000000000294,1095.1260568066436
37.7200000000003,1280.2087482187023
37.7400000000003,1385.0282515707945
37.7600000000003,1385.028251569155
37.78000000000031,1280.2087482141767
37.80000000000031,1095.12605680026
37.82000000000031,869.1167245998661
37.840000000000316,642.2526756398242
37.86000000000032,444.03722028527034
37.88000000000032,288.8991612324819
37.900000000000325,178.08633057949163
37.92000000000033,104.80594999293739
37.94000000000033,59.380443486869176
37.960000000000335,32.680926175429775
37.98000000000034,17.637165334252483
38.00000000000034,9.424777960668697
38.020000000000344,5.036321762853091
38.04000000000035,2.717990277605647
38.06000000000035,1.4958871034315135
38.080000000000354,0.8475324121781916
38.10000000000036,0.4987830302260047
38.12000000000036,0.30746520422376955
38.14000000000036,0.20004277918758295
38.160000000000366,0.1383045068987789
38.18000000000037,0.1022031185165503
38.20000000000037,0.08111069867952085
38.220000000000375,0.06938434043147787
38.24000000000038,0.06413330522973146
38.26000000000038,0.06413330522982698
38.280000000000385,0.06938434043178636
38.30000000000039,0.08111069868011915
38.32000000000039,0.10220311851758286
38.340000000000394,0.1383045069005478
38.3600000000004,0.2000427791906086
38.3800000000004,0.30746520422911966
38.400000000000404,0.4987830302355794
38.42000000000041,0.8475324121959195
38.44000000000041,1.4958871034645145
38.46000000000041,2.717990277668485
38.480000000000416,5.036321762971648
38.50000000000042,9.424777960893662
38.52000000000042,17.637165334667664
38.540000000000425,32.68092617618085
38.56000000000043,59.380443488179175
38.58000000000043,104.80594999511652
38.600000000000435,178.08633058293063
38.62000000000044,288.89916123747867
38.64000000000044,444.0372202920263
38.660000000000444,642.2526756479899
38.68000000000045,869.1167246086993
38.70000000000045,1095.1260568082894
38.720000000000454,1280.2087482199029
38.74000000000046,1385.0282515712177
38.76000000000046,1385.0282515687193
38.78000000000046,1280.20874821301
38.800000000000466,1095.1260567985655
38.82000000000047,869.116724598066
38.84000000000047,642.25267563815
38.860000000000475,444.03722028389336
38.88000000000048,288.8991612314571
38.90000000000048,178.08633057879055
38.920000000000485,104.80594999249047
38.94000000000049,59.380443486592675
38.96000000000049,32.68092617527576
38.980000000000494,17.63716533416485
39.0000000000005,9.424777960622837
39.0200000000005,5.036321762828068
39.040000000000504,2.7179902775928366
39.06000000000051,1.495887103424548
39.08000000000051,0.8475324121745776
39.10000000000051,0.49878303022398385
39.120000000000516,0.30746520422267914
39.14000000000052,0.2000427791869626
39.16000000000052,0.1383045068984184
39.180000000000526,0.1022031185163386
39.20000000000053,0.0811106986793989
39.22000000000053,0.06938434043141457
39.240000000000535,0.06413330522971124
39.26000000000054,0.06413330522984657
39.28000000000054,0.0693843404318515
39.300000000000544,0.08111069868024111
39.32000000000055,0.1022031185178008
39.34000000000055,0.13830450690090845
39.360000000000554,0.20004277919124702
39.38000000000056,0.30746520423021023
39.40000000000056,0.4987830302376002
39.42000000000056,0.8475324121995335
39.440000000000566,1.4958871034712822
39.46000000000057,2.717990277681296
39.48000000000057,5.036321762995961
39.500000000000576,9.424777960939522
39.52000000000058,17.63716533475281
39.54000000000058,32.680926176339376
39.560000000000585,59.380443488447824
39.58000000000059,104.80594999557647
39.60000000000059,178.08633058363174
39.620000000000594,288.8991612385334
39.6400000000006,444.0372202934039
39.6600000000006,642.2526756497133
39.680000000000604,869.1167246105001
39.70000000000061,1095.1260568099847
39.72000000000061,1280.2087482210707
39.74000000000061,1385.028251571641
39.760000000000616,1385.0282515682961
39.78000000000062,1280.2087482118425
39.80000000000062,1095.1260567969189
39.820000000000626,869.116724596265
39.84000000000063,642.2526756364263
39.86000000000063,444.03722028251576
39.880000000000635,288.89916123040234
39.90000000000064,178.0863305780895
39.92000000000064,104.80594999203053
39.940000000000644,59.38044348632402
39.96000000000065,32.68092617511722
39.98000000000065,17.637165334079704
40.000000000000654,9.424777960575636
40.02000000000066,5.036321762803755
40.04000000000066,2.7179902775800264
40.06000000000066,1.4958871034177803
40.080000000000666,0.8475324121709636
40.10000000000067,0.4987830302220204
40.12000000000067,0.30746520422158846
40.140000000000676,0.20004277918632396
40.16000000000068,0.1383045068980577
40.18000000000068,0.10220311851612066
40.200000000000685,0.08111069867927692
40.22000000000069,0.0693843404313495
40.24000000000069,0.0641333052296917
40.260000000000694,0.06413330522986674
40.2800000000007,0.06938434043191473
40.3000000000007,0.08111069868036667
40.320000000000704,0.10220311851801249
40.34000000000071,0.1383045069012691
40.36000000000071,0.20004277919186755
40.38000000000071,0.3074652042313008
40.400000000000716,0.4987830302395638
40.42000000000072,0.8475324122031475
40.44000000000072,1.4958871034782477
40.460000000000726,2.717990277694106
40.48000000000073,5.036321763020985
40.50000000000073,9.424777960985384
40.520000000000735,17.637165334840443
40.54000000000074,32.6809261764934
40.56000000000074,59.38044348872433
40.580000000000744,104.80594999602343
40.60000000000075,178.0863305843328
40.62000000000075,288.8991612395582
40.640000000000754,444.0372202947809
40.66000000000076,642.2526756513881
40.68000000000076,869.1167246123003
40.70000000000076,1095.1260568116315
40.720000000000766,1280.2087482222373
40.74000000000077,1385.0282515720762
40.76000000000077,1385.0282515678728
40.780000000000776,1280.2087482106745
40.80000000000078,1095.1260567952236
40.82000000000078,869.1167245944116
40.840000000000785,642.2526756347519
40.86000000000079,444.03722028113873
40.88000000000079,288.8991612293477
40.900000000000794,178.08633057736793
40.9200000000008,104.80594999158362
40.9400000000008,59.38044348605538
40.960000000000804,32.680926174967695
40.98000000000081,17.637165333992073
41.00000000000081,9.424777960529775
41.02000000000081,5.0363217627794405
41.040000000000816,2.7179902775672167
41.06000000000082,1.4958871034108148
41.08000000000082,0.8475324121672446
41.100000000000826,0.4987830302200568
41.12000000000083,0.3074652042204979
41.14000000000083,0.20004277918568533
41.160000000000835,0.1383045068976866
41.18000000000084,0.10220311851590888
41.20000000000084,0.08111069867915496
41.220000000000844,0.06938434043128806
41.24000000000085,0.06413330522967153
41.26000000000085,0.06413330522988633
41.280000000000854,0.06938434043197803
41.30000000000086,0.08111069868048504
41.32000000000086,0.10220311851823044
41.34000000000086,0.1383045069016402
41.360000000000866,0.200042779192488
41.38000000000087,0.30746520423239154
41.40000000000087,0.49878303024158455
41.420000000000876,0.8475324122068669
41.44000000000088,1.4958871034850154
41.46000000000088,2.717990277706916
41.480000000000885,5.036321763046009
41.50000000000089,9.424777961032582
41.52000000000089,17.637165334925587
41.540000000000894,32.68092617664743
41.5600000000009,59.38044348898514
41.5800000000009,104.80594999648335
41.600000000000904,178.08633058505424
41.62000000000091,288.89916124058306
41.64000000000091,444.0372202961583
41.66000000000091,642.2526756531113
41.680000000000916,869.1167246141538
41.70000000000092,1095.1260568132782
41.72000000000092,1280.2087482234049
41.740000000000926,1385.028251572513
41.76000000000093,1385.0282515674376
41.78000000000093,1280.208748209474
41.800000000000935,1095.1260567936254
41.82000000000094,869.116724592664
41.84000000000094,642.252675633028
41.860000000000944,444.03722027972117
41.88000000000095,288.8991612283528
41.90000000000095,178.08633057668732
41.920000000000954,104.80594999112368
41.94000000000096,59.38044348577887
41.96000000000096,32.680926174809166
41.98000000000096,17.63716533390941
42.000000000000966,9.424777960482576
42.02000000000097,5.036321762754418
42.04000000000097,2.7179902775540317
42.060000000000976,1.495887103404245
42.08000000000098,0.8475324121637361
42.10000000000098,0.4987830302180358
42.120000000000985,0.30746520421937523
42.14000000000099,0.200042779185083
42.16000000000099,0.13830450689733653
42.180000000000994,0.10220311851569093
42.200000000001,0.08111069867902945
42.220000000001,0.06938434043122298
42.240000000001004,0.06413330522965245
42.26000000000101,0.0641333052299065
42.28000000000101,0.0693843404320431
42.30000000000101,0.08111069868061055
42.320000000001016,0.10220311851843596
42.34000000000102,0.1383045069020113
42.36000000000102,0.20004277919312666
42.380000000001026,0.30746520423351387
42.40000000000103,0.49878303024349085
42.42000000000103,0.8475324122103755
42.440000000001035,1.4958871034919812
42.46000000000104,2.7179902777201006
42.48000000000104,5.036321763069612
42.500000000001044,9.424777961077105
42.52000000000105,17.637165335013222
42.54000000000105,32.68092617680596
42.560000000001054,59.38044348926163
42.58000000000106,104.80594999691718
42.60000000000106,178.0863305857758
42.62000000000106,288.89916124163767
42.640000000001066,444.03722029757574
42.66000000000107,642.2526756547371
42.68000000000107,869.1167246159021
42.700000000001076,1095.1260568149735
